{
    "parameter_settings": {
        "edge_scale": 100,
        "replica_size": 256,
        "corruption_rate": 0.1,
        "n_clusters": null,
        "cluster_method": "RecursiveSpectralClustering"
    },
    "duration": {
        "l_times": [
            0.24459576606750488,
            0.26369190216064453,
            -1,
            0.2517526149749756,
            0.2602119445800781,
            0.25152063369750977,
            0.2555358409881592,
            0.24386882781982422,
            0.25081539154052734,
            0.22424626350402832,
            -1,
            0.23022103309631348,
            0.2768564224243164,
            0.24261713027954102,
            0.25894689559936523,
            0.28423070907592773,
            -1,
            0.25318312644958496,
            0.22912216186523438,
            -1,
            0.29729628562927246,
            -1,
            0.2180020809173584,
            0.27691102027893066,
            0.26099681854248047,
            0.2538771629333496,
            0.2753872871398926,
            0.252685546875,
            0.24790120124816895,
            0.29244446754455566,
            0.22748422622680664,
            0.2735764980316162,
            0.21726346015930176,
            -1,
            -1,
            0.2513880729675293,
            0.214890718460083,
            0.267472505569458,
            0.29599905014038086,
            0.22370481491088867,
            0.26479244232177734,
            0.26563596725463867,
            0.28861284255981445,
            0.3031015396118164,
            0.2750368118286133,
            0.3080563545227051,
            0.2498030662536621,
            0.2336125373840332,
            0.2738344669342041,
            0.2817990779876709,
            0.25669145584106445,
            0.23784732818603516,
            0.27785277366638184,
            0.27025437355041504,
            0.2929954528808594,
            0.29015159606933594,
            0.26825761795043945,
            0.29507923126220703,
            -1,
            -1,
            0.2483217716217041,
            -1,
            0.25777602195739746,
            0.3134016990661621,
            -1,
            0.2935652732849121,
            -1,
            0.3292820453643799,
            0.2255396842956543,
            0.2795407772064209,
            0.32379913330078125,
            0.27028417587280273,
            -1,
            0.22653412818908691,
            0.26495790481567383,
            0.23205232620239258,
            0.24425888061523438,
            0.21622848510742188,
            -1,
            0.2414538860321045,
            -1,
            0.29839396476745605,
            0.2501220703125,
            0.22443342208862305,
            0.2574293613433838,
            -1,
            0.22823190689086914,
            -1,
            0.25292468070983887,
            -1,
            0.21135878562927246,
            0.3241081237792969,
            0.25209975242614746,
            0.3004744052886963,
            0.3108065128326416,
            0.29770398139953613,
            -1,
            0.3327145576477051,
            0.20868682861328125,
            0.20594215393066406
        ],
        "g_times": [
            0.3536715507507324,
            0.3833746910095215,
            0.7342824935913086,
            0.3736114501953125,
            0.38065242767333984,
            0.38244152069091797,
            0.38603663444519043,
            0.40537142753601074,
            0.41144418716430664,
            0.3978445529937744,
            1.209580898284912,
            0.45288634300231934,
            0.382610559463501,
            0.43185925483703613,
            0.39411163330078125,
            0.3650977611541748,
            0.4394383430480957,
            0.4268302917480469,
            0.3826477527618408,
            0.44728970527648926,
            0.37723255157470703,
            0.7195224761962891,
            0.43963170051574707,
            0.4136772155761719,
            0.42415738105773926,
            0.3971672058105469,
            0.44062113761901855,
            0.4177241325378418,
            0.45789551734924316,
            0.42206263542175293,
            0.451519250869751,
            0.4411003589630127,
            0.4059944152832031,
            0.392925500869751,
            0.7138214111328125,
            0.4347646236419678,
            0.3749110698699951,
            0.42449522018432617,
            0.4337947368621826,
            0.45684051513671875,
            0.34815311431884766,
            0.38483309745788574,
            0.4459850788116455,
            0.4274158477783203,
            0.42185449600219727,
            0.4238550662994385,
            0.4214510917663574,
            0.4281904697418213,
            0.42854762077331543,
            0.41608119010925293,
            0.42569518089294434,
            0.4118838310241699,
            0.4487762451171875,
            0.3928184509277344,
            0.40517234802246094,
            0.44828057289123535,
            0.3854806423187256,
            0.39516448974609375,
            0.39174699783325195,
            0.7229135036468506,
            0.3778858184814453,
            0.7289650440216064,
            0.4265589714050293,
            0.4067237377166748,
            1.2298083305358887,
            0.42219114303588867,
            1.217644214630127,
            0.44983601570129395,
            0.4041321277618408,
            0.4342055320739746,
            0.40687131881713867,
            0.41411805152893066,
            0.40142345428466797,
            0.4208955764770508,
            0.3806471824645996,
            0.3820667266845703,
            0.393125057220459,
            0.4139130115509033,
            0.7156434059143066,
            0.4548799991607666,
            0.6975147724151611,
            0.4266684055328369,
            0.43311595916748047,
            0.40973567962646484,
            0.39411306381225586,
            0.3833291530609131,
            0.42638087272644043,
            0.43155932426452637,
            0.4500291347503662,
            0.7155771255493164,
            0.44195079803466797,
            0.4001197814941406,
            0.45342111587524414,
            0.4478573799133301,
            0.4266183376312256,
            0.40384435653686523,
            0.730135440826416,
            0.4060964584350586,
            0.40148162841796875,
            0.43982887268066406
        ],