{
    "parameter_settings": {
        "edge_scale": 100,
        "replica_scale": 1,
        "replica_size": 1024,
        "corruption_rate": 0
    },
    "duration": {
        "local": [
            [
                1.377138376235962
            ],
            [
                1.2718889713287354
            ],
            [
                0.8654689788818359
            ],
            [
                1.2876393795013428
            ],
            [
                -1
            ],
            [
                1.2639939785003662
            ],
            [
                1.369581699371338
            ],
            [
                1.2741470336914062
            ],
            [
                -1
            ],
            [
                1.257660150527954
            ],
            [
                1.2961857318878174
            ],
            [
                1.2308473587036133
            ],
            [
                0.886528491973877
            ],
            [
                1.2655632495880127
            ],
            [
                -1
            ],
            [
                1.2903294563293457
            ],
            [
                1.3107404708862305
            ],
            [
                1.3507194519042969
            ],
            [
                1.2600305080413818
            ],
            [
                0.9088230133056641
            ],
            [
                0.8442709445953369
            ],
            [
                1.3145735263824463
            ],
            [
                -1
            ],
            [
                -1
            ],
            [
                1.2581534385681152
            ],
            [
                1.2530298233032227
            ],
            [
                0.8476183414459229
            ],
            [
                1.3137171268463135
            ],
            [
                1.3189632892608643
            ],
            [
                1.2592737674713135
            ],
            [
                -1
            ],
            [
                1.261944055557251
            ],
            [
                -1
            ],
            [
                1.3556194305419922
            ],
            [
                1.320889949798584
            ],
            [
                1.2801513671875
            ],
            [
                -1
            ],
            [
                -1
            ],
            [
                1.3119244575500488
            ],
            [
                1.3132600784301758
            ],
            [
                1.3145735263824463
            ],
            [
                1.3289761543273926
            ],
            [
                0.9014112949371338
            ],
            [
                1.3322453498840332
            ],
            [
                0.8593089580535889
            ],
            [
                1.2398061752319336
            ],
            [
                1.2426738739013672
            ],
            [
                1.3029751777648926
            ],
            [
                1.3010504245758057
            ],
            [
                1.3234596252441406
            ],
            [
                0.8440916538238525
            ],
            [
                -1
            ],
            [
                1.2731363773345947
            ],
            [
                1.2675986289978027
            ],
            [
                -1
            ],
            [
                1.3024969100952148
            ],
            [
                -1
            ],
            [
                -1
            ],
            [
                1.2805044651031494
            ],
            [
                -1
            ],
            [
                1.2888462543487549
            ],
            [
                1.287287950515747
            ],
            [
                1.286097764968872
            ],
            [
                1.2829482555389404
            ],
            [
                -1
            ],
            [
                -1
            ],
            [
                1.28397798538208
            ],
            [
                1.3160171508789062
            ],
            [
                -1
            ],
            [
                0.8921604156494141
            ],
            [
                1.2732765674591064
            ],
            [
                -1
            ],
            [
                1.2866523265838623
            ],
            [
                1.3259470462799072
            ],
            [
                1.3645172119140625
            ],
            [
                -1
            ],
            [
                1.2691025733947754
            ],
            [
                1.3046183586120605
            ],
            [
                -1
            ],
            [
                0.8793203830718994
            ],
            [
                1.3200218677520752
            ],
            [
                1.2560434341430664
            ],
            [
                1.3068006038665771
            ],
            [
                0.8584713935852051
            ],
            [
                1.3463404178619385
            ],
            [
                1.3029751777648926
            ],
            [
                1.2476894855499268
            ],
            [
                1.280365228652954
            ],
            [
                1.2772114276885986
            ],
            [
                1.3068971633911133
            ],
            [
                1.3019695281982422
            ],
            [
                1.2463288307189941
            ],
            [
                1.3152873516082764
            ],
            [
                1.322998285293579
            ],
            [
                -1
            ],
            [
                0.8550524711608887
            ],
            [
                1.2693452835083008
            ],
            [
                0.8426635265350342
            ],
            [
                -1
            ],
            [
                1.302055835723877
            ]
        ],